710.350476,981.470994,30,sp|P02769|ALBU_BOVIN.SLHTLFGDELC[CAM]K.+2y8.light,80,33.8
710.350476,868.38693,30,sp|P02769|ALBU_BOVIN.SLHTLFGDELC[CAM]K.+2y7.light,80,33.8
710.350476,721.318516,30,sp|P02769|ALBU_BOVIN.SLHTLFGDELC[CAM]K.+2y6.light,80,33.8
874.356161,1167.440499,30,sp|P02769|ALBU_BOVIN.YNGVFQEC[CAM]C[CAM]QAEDK.+2y9.light,80,41.8
874.356161,1039.381921,30,sp|P02769|ALBU_BOVIN.YNGVFQEC[CAM]C[CAM]QAEDK.+2y8.light,80,41.8
874.356161,910.339328,30,sp|P02769|ALBU_BOVIN.YNGVFQEC[CAM]C[CAM]QAEDK.+2y7.light,80,41.8
875.334903,1106.478264,30,sp|P02769|ALBU_BOVIN.EC[CAM]C[CAM]HGDLLEC[CAM]ADDR.+2y9.light,80,41.9
875.334903,991.451321,30,sp|P02769|ALBU_BOVIN.EC[CAM]C[CAM]HGDLLEC[CAM]ADDR.+2y8.light,80,41.9
875.334903,878.367257,30,sp|P02769|ALBU_BOVIN.EC[CAM]C[CAM]HGDLLEC[CAM]ADDR.+2y7.light,80,41.9
642.358962,1146.651735,30,sp|P02769|ALBU_BOVIN.HPEYAVSVLLR.+2y10.light,80,30.5
642.358962,920.556378,30,sp|P02769|ALBU_BOVIN.HPEYAVSVLLR.+2y8.light,80,30.5
642.358962,757.49305,30,sp|P02769|ALBU_BOVIN.HPEYAVSVLLR.+2y7.light,80,30.5
751.810524,1010.428143,30,sp|P02769|ALBU_BOVIN.EYEATLEEC[CAM]C[CAM]AK.+2y8.light,80,35.8
751.810524,909.380465,30,sp|P02769|ALBU_BOVIN.EYEATLEEC[CAM]C[CAM]AK.+2y7.light,80,35.8
751.810524,796.296401,30,sp|P02769|ALBU_BOVIN.EYEATLEEC[CAM]C[CAM]AK.+2y6.light,80,35.8
740.401358,1017.58399,30,sp|P02769|ALBU_BOVIN.LGEYGFQNALIVR.+2y9.light,80,35.3
740.401358,960.562526,30,sp|P02769|ALBU_BOVIN.LGEYGFQNALIVR.+2y8.light,80,35.3
740.401358,813.494113,30,sp|P02769|ALBU_BOVIN.LGEYGFQNALIVR.+2y7.light,80,35.3
583.750072,846.431572,30,sp|P02769|ALBU_BOVIN.C[CAM]C[CAM]TKPESER.+2y7.light,80,27.6
583.750072,745.383893,30,sp|P02769|ALBU_BOVIN.C[CAM]C[CAM]TKPESER.+2y6.light,80,27.6
583.750072,617.28893,30,sp|P02769|ALBU_BOVIN.C[CAM]C[CAM]TKPESER.+2y5.light,80,27.6
569.752615,818.436657,30,sp|P02769|ALBU_BOVIN.C[CAM]C[CAM]TESLVNR.+2y7.light,80,26.9
569.752615,717.388979,30,sp|P02769|ALBU_BOVIN.C[CAM]C[CAM]TESLVNR.+2y6.light,80,26.9
569.752615,588.346386,30,sp|P02769|ALBU_BOVIN.C[CAM]C[CAM]TESLVNR.+2y5.light,80,26.9
554.260599,907.434215,30,sp|P02769|ALBU_BOVIN.EAC[CAM]FAVEGPK.+2y8.light,80,26.2
554.260599,747.403566,30,sp|P02769|ALBU_BOVIN.EAC[CAM]FAVEGPK.+2y7.light,80,26.2
554.260599,600.335152,30,sp|P02769|ALBU_BOVIN.EAC[CAM]FAVEGPK.+2y6.light,80,26.2
